cycle_n,0-R1,0-R10,0-R11,0-R12,0-R13,0-R14,0-R15,0-R16,0-R17,0-R18,0-R19,0-R2,0-R20,0-R3,0-R4,0-R5,0-R6,0-R7,0-R8,0-R9,31-R1,31-R10,31-R11,31-R12,31-R13,31-R14,31-R15,31-R16,31-R17,31-R18,31-R19,31-R2,31-R20,31-R3,31-R4,31-R5,31-R6,31-R7,31-R8,31-R9,time_s
4,1.0,1.0,1.0,1.0,1.0,1.0,1.0,1.0,1.0,1.0,1.0,1.0,1.0,1.0,1.0,1.0,1.0,1.0,1.0,1.0,1.0,1.0,1.0,1.0,1.0,1.0,1.0,1.0,1.0,1.0,1.0,1.0,1.0,1.0,1.0,1.0,1.0,1.0,1.0,1.0,360.009
5,1.0091194968553459,1.0140082776185928,1.0058027079303675,1.006777572396796,1.0101572739187419,1.0200138026224983,1.0153435623749165,1.0192857142857144,1.0159744408945688,1.013408609738885,1.01315295001879,1.0170994300189993,1.0211502782931354,1.0119558553034949,1.0110633066994468,1.0182663566921288,1.0117493472584855,1.022661985317587,1.020221787345075,1.0221589110478,1.0169325952458483,1.015032679738562,1.0140752864157119,1.0328022492970947,1.0143333333333333,1.0116588940706195,1.0162052667116812,1.0187905705500513,1.0144977562996202,1.0094770094770096,1.0189228529839884,1.0207156308851224,1.0184979652238253,0.9568685376661743,1.0209375,1.0147058823529411,1.0170723996206132,1.0249440358170772,1.0212765957446808,1.0257001647446458,480.013
6,1.0323899371069183,1.0372492836676217,1.0212765957446808,1.0283425754775108,1.0334207077326343,1.0486542443064182,1.043695797198132,1.0457142857142858,1.0333688320908767,1.0405786873676781,1.0424652386320932,1.0357821405953136,1.0437847866419294,1.0275904353157572,1.0307314074984635,1.0318830953171705,1.0319843342036554,1.04149377593361,1.042726679712981,1.0455840455840455,1.0433083686095734,1.0408496732026145,1.0409165302782324,1.0546704154951578,1.037,1.0329780146568954,1.0442268737339635,1.047147249743765,1.04280289955126,1.0238680238680238,1.039301310043668,1.0364092906465787,1.0469848316685164,0.9757754800590842,1.0409375,1.0393222506393862,1.0373063547265255,1.0473297089862488,1.0485372340425532,1.0527182866556837,600.016
7,1.0518867924528301,1.0598535498248964,1.0473887814313345,1.0606900800985828,1.0540629095674967,1.0766045548654244,1.0753835890593728,1.0678571428571428,1.058217962371317,1.0578687367678192,1.0650131529500189,1.0573147561747942,1.073469387755102,1.0582464745554874,1.0543945912722803,1.0534706077715046,1.052219321148825,1.068305138844558,1.073385518590998,1.0734409623298513,1.0745685444480626,1.0637254901960784,1.0703764320785598,1.0805998125585754,1.0616666666666668,1.0629580279813458,1.074611748818366,1.0727707550392893,1.0669658267172937,1.0498420498420498,1.0658660844250365,1.064030131826742,1.0688124306326303,1.0,1.0671875,1.0585038363171355,1.071451153967752,1.078349856092101,1.0787898936170213,1.0800658978583195,720.02
8,1.0820754716981131,1.0830945558739256,1.0705996131528046,1.0890326555760936,1.084862385321101,1.10904071773637,1.1064042695130087,1.1007142857142858,1.0795172168974085,1.081863091037403,1.0898158586997369,1.0940468651044966,1.0990723562152134,1.0809319435928877,1.0826674861708667,1.0830288940551311,1.0825718015665797,1.101500159591446,1.1030658838878018,1.104463437796771,1.112666883751221,1.100653594771242,1.1063829787234043,1.0787253983130272,1.0943333333333334,1.102931379080613,1.114787305874409,1.1014690809702767,1.0969968933379357,1.0817830817830818,1.0931586608442503,1.1004394224733207,1.099889012208657,1.03397341211226,1.098125,1.0872762148337596,1.1062282643060386,1.1208826351135273,1.116688829787234,1.1192751235584844,840.025
9,1.1154088050314466,1.1203438395415473,1.1041263700838169,1.12969808995687,1.114678899082569,1.1469979296066253,1.1440960640426951,1.1228571428571428,1.1178558750443734,1.1069160197600565,1.1183765501691094,1.1269791006966434,1.1302411873840446,1.1140404659717964,1.1223110018438844,1.1155762205247426,1.1204308093994777,1.1436323013086498,1.1435094585779517,1.143716365938588,1.158905893845653,1.1372549019607843,1.1525368248772505,1.1155888784754764,1.1336666666666666,1.1389073950699533,1.1471978392977717,1.134267167748548,1.1315153607179842,1.113022113022113,1.1302765647743813,1.1412429378531073,1.1339252682204957,1.072082717872969,1.1384375,1.126918158567775,1.1485931078090421,1.1624560281419891,1.163563829787234,1.1627677100494234,960.029
10,1.1616352201257862,1.1595033428844317,1.1479690522243713,1.1728280961182995,1.162516382699869,1.1963423050379571,1.1894596397598398,1.1635714285714285,1.1498047568335108,1.1407904022582922,1.1548290116497557,1.1728942368587714,1.1647495361781075,1.152053954629062,1.163183773816841,1.1574227831285286,1.162532637075718,1.1889562719438238,1.1842791911285062,1.1915163026274138,1.2097036795831977,1.1826797385620915,1.2013093289689034,1.1636988441112153,1.185,1.1888740839440373,1.1954760297096556,1.175264776221387,1.1691404901622369,1.144963144963145,1.1601164483260553,1.1876961707470182,1.1694413614502406,1.1155096011816839,1.1815625,1.1726342710997442,1.199810306670882,1.2190598017268948,1.2144281914893618,1.2112026359143329,1080.033
11,1.2088050314465408,1.1977077363896849,1.1947130883301096,1.2276648182378311,1.2044560943643512,1.2449965493443755,1.2404936624416278,1.1967857142857143,1.1884984025559104,1.1729004940014114,1.1995490417136414,1.221342621912603,1.206307977736549,1.199877375843041,1.2138905961893054,1.2035868482231817,1.2072454308093994,1.2400255346313438,1.2345075016307894,1.2437480215257992,1.267665255617063,1.2375816993464053,1.260556464811784,1.2127460168697282,1.2406666666666666,1.239173884077282,1.2548953409858203,1.2179706183805945,1.2095270969968934,1.1891891891891893,1.197962154294032,1.2451349654739485,1.2149463559008509,1.1642540620384048,1.2359375,1.213235294117647,1.253872905469491,1.2785417332906939,1.274933510638298,1.2655683690280066,1200.036
12,1.259433962264151,1.2454632282712512,1.239845261121857,1.2846580406654344,1.258519003931848,1.3026224982746721,1.2935290193462308,1.235,1.2378416755413562,1.2085391672547636,1.236001503194288,1.2834072197593414,1.2515769944341373,1.2544451256897609,1.2682851874615857,1.2534041846562605,1.254242819843342,1.3054580274497287,1.2961513372472278,1.3029439696106362,1.3380006512536633,1.3032679738562092,1.3224222585924714,1.2789753202124337,1.3023333333333333,1.3027981345769486,1.3156650911546253,1.265459514861633,1.257852951328961,1.2285012285012284,1.2456331877729259,1.3132454488386691,1.2648908620051795,1.2268833087149187,1.2971875,1.278772378516624,1.3224786595004743,1.3504956827630317,1.3454122340425532,1.3360790774299836,1320.039
13,1.3216981132075472,1.2989493791786055,1.3023855577047065,1.3493530499075785,1.3181520314547837,1.3692201518288474,1.3492328218812542,1.2792857142857144,1.2850550230741924,1.251940719830628,1.2769635475385193,1.343571880937302,1.2897959183673469,1.3175965665236051,1.326060233558697,1.3072069080039854,1.3123368146214098,1.3708905202681136,1.3564905414220483,1.3665716999050332,1.402474763920547,1.3637254901960785,1.388543371522095,1.3420805998125587,1.367,1.3650899400399734,1.3808237677245105,1.3139733515544927,1.3061788056610286,1.2860652860652861,1.294759825327511,1.3788449466415569,1.3115057343692194,1.292762186115214,1.36125,1.3427109974424551,1.3879228580461587,1.4262871762072273,1.418218085106383,1.4042833607907743,1440.042
14,1.380188679245283,1.3568927093282395,1.3623468729851709,1.4226740603820087,1.377129750982962,1.4361628709454797,1.4126084056037358,1.3292857142857142,1.3333333333333333,1.3006351446718418,1.3276963547538518,1.4126029132362254,1.3380333951762524,1.383507050889025,1.398279041180086,1.3719694453669877,1.370757180156658,1.4427066709224385,1.4275929549902153,1.4450775561886673,1.484532725496581,1.4401960784313725,1.4599018003273323,1.4189315838800376,1.443,1.4427048634243838,1.4611748818365968,1.3628288349846258,1.3631342768381083,1.341874341874342,1.3471615720524017,1.4591964846202135,1.3633000369959305,1.3663220088626293,1.4403125,1.423913043478261,1.469174834018337,1.5110329389190917,1.4976728723404256,1.485667215815486,1560.044
15,1.4459119496855346,1.4205666985036614,1.4184397163120568,1.5036968576709797,1.447575360419397,1.5134575569358177,1.4816544362908606,1.375357142857143,1.390131345402911,1.3500352858151023,1.3784291619691844,1.4898670044331856,1.3877551020408163,1.4546290619251994,1.4738783036263061,1.4483560278977083,1.4360313315926894,1.5202681136291094,1.5019569471624266,1.5163026274137386,1.56496255291436,1.515032679738562,1.5505728314238953,1.4989065916900968,1.5316666666666667,1.5229846768820787,1.5391627278865632,1.4277417150666212,1.432171211598205,1.4047034047034046,1.4192139737991267,1.5480225988700564,1.421383647798742,1.4508124076809454,1.519375,1.5025575447570332,1.5488460322478659,1.6018548129197314,1.6003989361702127,1.57331136738056,1680.047
16,1.5232704402515724,1.4877427570837314,1.493230174081238,1.6210720887245842,1.5275229357798166,1.5952380952380953,1.558705803869246,1.4332142857142858,1.4604188853390132,1.407198306280875,1.4351747463359639,1.5753641545281825,1.4519480519480519,1.5318822808093195,1.558082360172096,1.5207572235137827,1.5140339425587468,1.6141078838174274,1.5870841487279843,1.608420386198164,1.655812438944969,1.6143790849673203,1.639279869067103,1.5879412683536396,1.6183333333333334,1.6175882744836776,1.6343686698176907,1.4916296549367953,1.4936140835346912,1.4717444717444716,1.4807132459970889,1.640615191462649,1.4942656307806141,1.537370753323486,1.6146875,1.5907928388746804,1.6465380967435979,1.7051487048289096,1.696808510638298,1.6757825370675452,1800.05
17,1.5965408805031447,1.5581025151225725,1.5638297872340425,1.6337030191004314,1.6009174311926606,1.675983436853002,1.6460973982655103,1.4935714285714285,1.5221867234646786,1.4583627381792519,1.4994363021420518,1.662761241291957,1.5053803339517626,1.6134273451870018,1.6496619545175168,1.5991364995018267,1.5828981723237598,1.7047558250877752,1.669928245270711,1.7008547008547008,1.7525236079452946,1.7098039215686274,1.7237315875613748,1.676351140268666,1.718,1.7058627581612258,1.7282241728561782,1.5667919371370003,1.5712806351397999,1.538083538083538,1.5465793304221251,1.7369742623979911,1.562708102108768,1.6322008862629247,1.7115625,1.6838235294117647,1.7429655390452103,1.8113207547169812,1.8071808510638299,1.7762767710049423,1920.064
18,1.6839622641509433,1.6345113021330786,1.6411992263056092,1.7236598890942698,1.6900393184796854,1.7698412698412698,1.728152101400934,1.555,1.58217962371317,1.5141143260409315,1.5618188650883127,1.7482583913869538,1.574025974025974,1.6894543225015328,1.7366318377381684,1.6824975091331784,1.6680809399477807,1.7976380466007023,1.764187866927593,1.8034188034188035,1.8466297622924128,1.8107843137254902,1.827823240589198,1.7775695095282724,1.8186666666666667,1.8051299133910725,1.8308575286968265,1.6385377519644688,1.639972385226096,1.6153036153036153,1.6266375545851528,1.844946641556811,1.6440991490935997,1.7246676514032497,1.8165625,1.7915601023017902,1.8479291811571292,1.9280460505276622,1.915558510638298,1.88500823723229,2040.066
19,1.769811320754717,1.7099649793059535,1.7179239200515797,1.818237831176833,1.772608125819135,1.86783988957902,1.809873248832555,1.6171428571428572,1.6549520766773163,1.5850388143966125,1.6350995866215707,1.845155161494617,1.6348794063079777,1.7786633966891479,1.8355869698832206,1.7668548654931917,1.7464099216710183,1.903925949569103,1.8643183300717547,1.9002849002849003,1.9583197655486813,1.9163398692810458,1.9224222585924713,1.8750390502967822,1.9323333333333332,1.9157228514323783,1.9463200540175558,1.7102835667919372,1.7259233690024163,1.6921726921726923,1.6990538573508005,1.9544883866917766,1.7129115797262302,1.8271787296898079,1.9278125,1.893222506393862,1.9576351564969965,2.045730732331308,2.03656914893617,2.0056013179571663,2160.068
20,1.8512578616352202,1.7940146450175103,1.7952933591231464,1.9152803450400493,1.8663171690694627,1.9568668046928916,1.8982655103402268,1.69,1.7412140575079873,1.6482004234297811,1.7008643367155205,1.9385687143761874,1.709090909090909,1.8767627222562846,1.9357713583282115,1.8621720358684821,1.8328981723237598,2.00638365783594,1.9582517938682322,1.99335232668566,2.064474112666884,2.026143790849673,2.0353518821603926,1.977819431427679,2.049,2.020652898067955,2.0573936529372046,1.7833959685685001,1.8022091819123232,1.7820287820287821,1.7885735080058225,2.0750156936597612,1.7983721790603033,1.938847858197932,2.04,1.993925831202046,2.063863420803035,2.1618164374800126,2.157247340425532,2.129489291598023,2280.07
21,1.9421383647798742,1.8761540910538046,1.878787878787879,2.0157116451016637,1.9629750982961993,2.0527950310559007,1.9983322214809873,1.7532142857142856,1.8090166844160454,1.712773465067043,1.7763998496805713,2.0484483850538315,1.7840445269016698,1.973635806253832,2.0433312845728335,1.9561607439388908,1.9239556135770235,2.118416852856687,2.059686888454012,2.1114276669832224,2.176489742754803,2.1405228758169934,2.130932896890344,2.08309903155264,2.165,2.1352431712191873,2.1826468602295748,1.8609497779296207,1.8891957197100449,1.8655668655668656,1.8799126637554586,2.1908349026993097,1.8864224935257121,2.054357459379616,2.1559375,2.1259590792838874,2.1805248182105594,2.298049248480972,2.2878989361702127,2.2510708401976935,2400.076
22,2.020125786163522,1.9659344157911494,1.9558349451966472,2.1155268022181146,2.0570117955439056,2.16632160110421,2.087391594396264,1.822142857142857,1.8814341498047569,1.7840508115737475,1.8568207440811726,2.1466117796073463,1.8575139146567718,2.079092581238504,2.1475107559926245,2.0508136831617403,2.010443864229765,2.216086817746569,2.166992824527071,2.2298195631528963,2.284923477694562,2.264705882352941,2.2356792144026185,2.1955638862855356,2.2866666666666666,2.2508327781479016,2.297434166103984,1.9477280491971303,1.967207455988954,1.94980694980695,1.9697962154294033,2.305398618957941,1.9692933777284498,2.1642540620384048,2.2721875,2.2400895140664963,2.2946569712298452,2.4182922929325232,2.4155585106382977,2.3805601317957166,2520.079
23,2.1235849056603775,2.0588984399872654,2.041263700838169,2.21996303142329,2.1517038007863696,2.275017253278123,2.1887925283522347,1.89,1.969826056088037,1.8493295695130558,1.9406238256294626,2.246358454718176,1.9380333951762523,2.1765787860208463,2.2519975414874,2.148123546994354,2.101501305483029,2.333226939036068,2.2684279191128507,2.3396644507755617,2.398892868772387,2.3856209150326797,2.34860883797054,2.303342705404561,2.407,2.3730846102598266,2.4331532748143148,2.0345063204646396,2.0666206420434934,2.044928044928045,2.064774381368268,2.438166980539862,2.075101738808731,2.283308714918759,2.405,2.367007672634271,2.4173253240594375,2.547809401982731,2.55718085106383,2.5209225700164746,2640.086
24,2.2122641509433962,2.1416746259153134,2.128949065119278,2.319162045594578,2.256880733944954,2.3844030365769497,2.298532354903269,1.9635714285714285,2.0525381611643594,1.9255469301340862,2.022923712889891,2.3597213426219126,2.0044526901669757,2.274678111587983,2.3641671788567917,2.2600464961806708,2.1945169712793735,2.4484519629747847,2.3812785388127855,2.4523583412472303,2.517421035493325,2.51437908496732,2.4661211129296237,2.4261168384879723,2.539,2.510659560293138,2.5567184334908846,2.1216262384694224,2.147048671039006,2.141102141102141,2.156113537117904,2.5527306967984935,2.165001849796522,2.407976366322009,2.5321875,2.485613810741688,2.5368321214037306,2.6856411896386314,2.6891622340425534,2.6537067545304778,2760.095
25,2.309119496855346,2.2406876790830945,2.2230818826563508,2.440542205791744,2.3607470511140236,2.4858523119392686,2.397598398932622,2.043214285714286,2.141285055023074,2.0045871559633026,2.1086057872980084,2.4696010132995565,2.09721706864564,2.395156345800123,2.4769514443761524,2.3543673198273,2.2796997389033944,2.5684647302904566,2.5026092628832357,2.57866413421969,2.638879843699121,2.6401960784313725,2.576104746317512,2.5451421430802874,2.677,2.6335776149233845,2.6995273463875757,2.2128459173214896,2.245771487745944,2.233064233064233,2.260917030567686,2.689893283113622,2.2730299667036626,2.5329394387001476,2.666875,2.6179667519181584,2.6629781852671512,2.8343460185481293,2.83843085106383,2.802306425041186,2880.102
26,2.4028301886792454,2.32378223495702,2.2975499677627336,2.5483672211953174,2.4682175622542597,2.5969634230503797,2.5190126751167443,2.1135714285714284,2.225772097976571,2.0811573747353562,2.1995490417136416,2.577580747308423,2.1810760667903524,2.4911097486204783,2.5934234787953288,2.4649618067087347,2.379242819843342,2.684647302904564,2.612850619699935,2.701487812598924,2.749918593292087,2.7712418300653594,2.6991816693944353,2.6719775070290535,2.817,2.763157894736842,2.8446995273463878,2.2951827810044416,2.342078011736279,2.3373113373113372,2.36863173216885,2.8286252354048966,2.3755086940436554,2.6549483013293944,2.796875,2.74616368286445,2.7831172937085045,2.975375759513911,2.9737367021276597,2.9360790774299836,3000.13
27,2.50062893081761,2.426615727475326,2.400386847195358,2.6515711645101665,2.586173001310616,2.717046238785369,2.633422281521014,2.1864285714285714,2.3123890663826767,2.15772759350741,2.2901164975573094,2.681443951868271,2.2749536178107608,2.608522378908645,2.7089735709895515,2.5762205247426104,2.4800913838120104,2.804340887328439,2.720808871493803,2.8170307059195947,2.88082057961576,2.9022875816993463,2.823567921440262,2.7985004686035615,2.9423333333333335,2.901732178547635,2.987508440243079,2.395626921762897,2.4332067656196066,2.444015444015444,2.475982532751092,2.956057752667922,2.4924158342582317,2.7884785819793207,2.9378125,2.8820332480818416,2.9190641795763517,3.1039334825711546,3.128656914893617,3.0787479406919274,3120.137
28,2.602830188679245,2.524355300859599,2.4809800128949067,2.7677141096734443,2.6854521625163827,2.829192546583851,2.7354903268845896,2.2675,2.39226127085552,2.233592095977417,2.3776775648252535,2.793856871437619,2.350278293135436,2.7115266707541386,2.8340503995082975,2.684158087014281,2.5737597911227152,2.924992020427705,2.8483365949119372,2.9427033871478314,2.9973949853467925,3.052287581699346,2.922749590834697,2.915026554201812,3.085,3.0343104596935375,3.12525320729237,2.479330372394944,2.5274421815671384,2.533871533871534,2.5796943231441047,3.0951035781544256,2.601183869774325,2.911373707533235,3.074375,3.0214194373401533,3.0477394878280113,3.2606331947553566,3.2752659574468086,3.237891268533773,3240.145
29,2.6921383647798742,2.6138172556510666,2.5651192778852354,2.8733826247689462,2.780799475753604,2.947895100069013,2.845897264843229,2.34,2.4849130280440184,2.309103740296401,2.46674182638106,2.902469917669411,2.4296846011131725,2.8120784794604536,2.936078672403196,2.7851212221853205,2.662859007832898,3.033833386530482,2.953359425962166,3.056030389363723,3.118528166720938,3.173202614379085,3.0360065466448445,3.0290534208059983,3.2173333333333334,3.171552298467688,3.261985145172181,2.5657669969251793,2.6175353814290645,2.6353106353106353,2.683406113537118,3.216258631512869,2.6992230854605994,3.035450516986706,3.2059375,3.1569693094629154,3.161555485298767,3.4039015030380555,3.4122340425531914,3.3769357495881382,3360.151
30,2.777044025157233,2.708691499522445,2.6534493874919405,2.989525569932224,2.8915465268676277,3.0617667356797793,2.9716477651767845,2.407857142857143,2.561590344337948,2.3895553987297107,2.55956407365652,3.0022165927802407,2.520964749536178,2.919068056407112,3.062077443146896,2.8933909000332116,2.756527415143603,3.1570379827641237,3.068819308545336,3.1874010762899654,3.2419407359166397,3.3189542483660133,3.1525368248772505,3.1562011871290223,3.355,3.3024650233177884,3.4223497636731937,2.6576699692517938,2.725578184328616,2.742365742365742,2.7823871906841338,3.363779033270559,2.820569737328894,3.1707533234859677,3.3496875,3.284846547314578,3.2971862156180842,3.53757595139111,3.556848404255319,3.5248764415156506,3480.158
31,2.8789308176100628,2.81056988220312,2.739522888459059,3.087800369685767,2.9950851900393185,3.168737060041408,3.063709139426284,2.4692857142857143,2.63329783457579,2.449894142554693,2.646749342352499,3.116846105129829,2.6103896103896105,3.0248313917841814,3.1748617086662567,2.996346728661574,2.855417754569191,3.2776891158633896,3.1692759295499022,3.309591642924976,3.3549332464995114,3.4480392156862747,3.2684124386252047,3.268978444236176,3.485,3.4270486342438375,3.5449020931802835,2.7441065937820293,2.8170521228857437,2.8343278343278344,2.8850072780203786,3.4865034526051475,2.918978912319645,3.300147710487445,3.4740625,3.4191176470588234,3.4274423016123934,3.679565078349856,3.697473404255319,3.6724876441515653,3600.164
32,2.9685534591194966,2.903852276345113,2.8288201160541586,3.1931608133086877,3.106159895150721,3.2801932367149758,3.1737825216811206,2.5482142857142858,2.736599219027334,2.5328158080451657,2.7309282224727545,3.221342621912603,2.691280148423006,3.13182096873084,3.2993239090350337,3.0953171703752904,2.9451697127937337,3.3884455793169486,3.2915851272015657,3.438113327002216,3.48420709866493,3.5869281045751635,3.3918166939443535,3.3980006248047485,3.622,3.5799467021985345,3.6931127616475354,2.8380594465322857,2.91439420089748,2.9406809406809407,2.9938136826783115,3.628060263653484,3.0221975582685903,3.4118168389955685,3.621875,3.559462915601023,3.554536832121404,3.816437480012792,3.84906914893617,3.8197693574958813,3720.17
33,3.0650943396226413,2.9958611907035975,2.9107027724049,3.3031423290203326,3.2024901703800785,3.380607315389924,3.2745163442294865,2.617142857142857,2.8107916222932197,2.612561750176429,2.8121007140172867,3.337555414819506,2.7617810760667902,3.2317596566523603,3.4154886293792255,3.2112255064762536,3.0434073107049606,3.5087775295244175,3.4037834311806914,3.5561886672997782,3.6128296971670464,3.7130718954248367,3.507364975450082,3.5064042486722897,3.7583333333333333,3.7045303131245837,3.8298446995273463,2.9091219678852065,3.003797031411805,3.0396630396630395,3.0877001455604076,3.766792215944758,3.119496855345912,3.552437223042836,3.7459375,3.692774936061381,3.6844767625671833,3.9760153501758873,3.9983377659574466,3.9614497528830315,3840.174
34,3.158490566037736,3.092645654250239,2.997098646034816,3.4023413431916203,3.3076671035386633,3.4993098688750863,3.3855903935957303,2.6889285714285713,2.8984735534256303,2.6785462244177842,2.9064261555806086,3.4445851804939833,2.851948051948052,3.3442673206621705,3.528580208973571,3.307539023580206,3.1344647519582245,3.6217682732205554,3.5264187866927594,3.675213675213675,3.7235428199283622,3.849673202614379,3.618330605564648,3.6388628553577007,3.884333333333333,3.8227848101265822,3.974679270762998,3.0047830543218312,3.0918191232309287,3.142857142857143,3.196142649199418,3.8979912115505337,3.233444321124676,3.6782865583456426,3.8853125,3.830562659846547,3.8074612709453053,4.107131435881036,4.139627659574468,4.1037891268533775,3960.179
35,3.243081761006289,3.1817892390958296,3.0751128304319795,3.5083179297597042,3.41480996068152,3.6159420289855073,3.486991327551701,2.7614285714285716,2.9733759318423854,2.748412138320395,2.9951146185644495,3.5468651044965167,2.932838589981447,3.4515634580012264,3.6330669944683467,3.411823314513451,3.2180156657963446,3.7331631024577083,3.628180039138943,3.7891737891737893,3.8430478671442527,3.987908496732026,3.7319148936170214,3.758512964698532,4.014,3.98201199200533,4.116812964213369,3.0939528527502564,3.1846738004832584,3.250614250614251,3.3031295487627363,4.012241054613936,3.338882722900481,3.7997045790251107,4.014375,3.9600383631713556,3.9399304457793236,4.240486088903102,4.274933510638298,4.2520593080724876,4080.183
36,3.331132075471698,3.274434893346068,3.1679561573178594,3.614294516327788,3.511795543905636,3.7215320910973086,3.6030687124749834,2.837857142857143,3.0628328008519703,2.8278052223006354,3.077414505824878,3.6466117796073463,3.030426716141002,3.556100551808706,3.753841425937308,3.5184324144802392,3.304177545691906,3.8461538461538463,3.747553816046967,3.9107312440645776,3.9651579290133507,4.127450980392157,3.8454991816693944,3.880974695407685,4.163666666666667,4.109926715522985,4.264010803511141,3.186197471814144,3.284432171211598,3.34994734994735,3.4122998544395924,4.153170119271814,3.461339252682205,3.93589364844904,4.1653125,4.091751918158568,4.067024976288334,4.400703549728174,4.42686170212766,4.39835255354201,4200.189
37,3.411949685534591,3.364851957975167,3.2343649258542877,3.714109673444239,3.605832241153342,3.824361628709455,3.7191460973982653,2.8921428571428573,3.13880014199503,2.8976711362032463,3.165727170236753,3.734008866371121,3.1142857142857143,3.6554261189454325,3.86140135218193,3.6320159415476585,3.408289817232376,3.953080114905841,3.8499673842139597,4.030389363722697,4.081081081081081,4.264705882352941,3.9472995090016365,3.994376757263355,4.293666666666667,4.234510326449034,4.412221471978393,3.2661428083361805,3.379012771832931,3.441207441207441,3.514556040756914,4.279033270558695,3.562708102108768,4.035450516986706,4.296875,4.22346547314578,4.182105595953209,4.516149664214902,4.551196808510638,4.54168039538715,4320.194
38,3.5044025157232706,3.439987265202165,3.3139909735654416,3.817313616759088,3.6939711664482306,3.933057280883368,3.805537024683122,2.9675,3.2183173588924388,2.976711362032463,3.248778654641112,3.83692210259658,3.1918367346938776,3.7440220723482525,3.9585125998770745,3.7153769511790102,3.47943864229765,4.052345994254708,3.9546640574037832,4.1364355808800255,4.19993487463367,4.370588235294117,4.064484451718494,4.109653233364574,4.411333333333333,4.368421052631579,4.538149898717083,3.3512128459173214,3.4632378322402486,3.548613548613549,3.6131732168850075,4.3976773383553045,3.65889752127266,4.179025110782866,4.4153125,4.335997442455243,4.310464748656339,4.648225135913016,4.6931515957446805,4.675782537067545,4440.199
39,3.5886792452830187,3.5319961795606494,3.3949065119277884,3.920825631546519,3.8066841415465267,4.0565907522429265,3.9099399599733156,3.037142857142857,3.296059637912673,3.039872971065632,3.33032694475761,3.9376187460417986,3.2760667903525045,3.8415082771305946,4.07959434542102,3.8226502822982398,3.561031331592689,4.155761251196936,4.060991519895629,4.2684393795504905,4.310647997394986,4.508169934640523,4.163011456628478,4.235551390190565,4.554333333333333,4.5,4.665428764348413,3.4243252476938846,3.54987918536417,3.6384696384696387,3.707787481804949,4.530445699937226,3.7669256381798,4.292171344165435,4.5415625,4.475063938618926,4.431868479291811,4.794691397505597,4.830452127659575,4.814827018121911,4560.208
40,3.6738993710691825,3.632601082457816,3.483558994197292,4.020024645717807,3.915137614678899,4.168391994478951,4.026684456304203,3.104285714285714,3.3826766063187788,3.1079745942131263,3.4239007891770012,4.04179860671311,3.3736549165120593,3.9420600858369097,4.1850030731407495,3.918299568249751,3.648498694516971,4.272901372486435,4.158186562296152,4.374802152579931,4.431455551937479,4.641503267973857,4.278559738134207,4.335207747578882,4.690666666666667,4.626249167221852,4.821066846725186,3.5131533993850357,3.643424231964101,3.7535977535977536,3.816957787481805,4.648148148148148,3.884942656307806,4.404431314623339,4.660625,4.600703324808184,4.545684476762567,4.926447073872722,4.969747340425532,4.949917627677101,4680.215
41,3.768553459119497,3.7271569563833173,3.5586718246292715,4.112446087492298,3.991153342070773,4.249137336093858,4.136424282855237,3.161785714285714,3.456159034433795,3.169724770642202,3.4904171364148815,4.134262191260292,3.443413729128015,4.038320049049663,4.295328826060233,4.036200597808037,3.7490208877284594,4.378870092563039,4.273972602739726,4.501424501424501,4.547053077173559,4.78202614379085,4.394108019639934,4.451421430802874,4.8036666666666665,4.755496335776149,4.953072248480757,3.5985650837034506,3.7307559544356232,3.835029835029835,3.9079330422125182,4.777463904582548,3.9826119126896042,4.548005908419498,4.8034375,4.7311381074168795,4.66613974075245,5.073552926127278,5.10904255319149,5.099176276771005,4800.225
42,3.85062893081761,3.8061127029608404,3.624113475177305,4.203327171903882,4.077326343381389,4.341959972394755,4.2251501000667115,3.2210714285714284,3.5150869719559816,3.2350035285815104,3.5644494550920705,4.220709309689677,3.500556586270872,4.137952176578786,4.389366933005531,4.114579873796081,3.8156005221932117,4.475263325885733,4.3669275929549904,4.590060145615701,4.655486812113318,4.887254901960785,4.479214402618658,4.554826616682287,4.917666666666666,4.8594270486342435,5.067184334908846,3.6617697300990777,3.82119433897135,3.9206739206739205,3.9952692867540027,4.901129943502825,4.075101738808731,4.644608567208272,4.914375,4.843989769820972,4.790388871324692,5.204349216501439,5.233710106382978,5.2322899505766065,4920.231
43,3.920125786163522,3.888888888888889,3.6921341070277243,4.292051756007393,4.171035386631717,4.458937198067633,4.3232154769846565,3.2882142857142855,3.602413915512957,3.3189837685250527,3.6441187523487413,4.3350221659278025,3.595547309833024,4.240649908031882,4.504917025199754,4.219528395881767,3.893603133159269,4.577721034152569,4.475538160469667,4.715732826843938,4.76847932269619,5.03562091503268,4.5810147299509,4.6738519212746015,5.055666666666666,4.9960026648900735,5.205604321404456,3.7519644687393234,3.903003106662064,4.0263250263250265,4.1008005822416305,5.041117388575016,4.174250832408435,4.776957163958641,5.0428125,4.9721867007672635,4.893771735693962,5.3309881675727535,5.386635638297872,5.375617792421746,5040.237
44,4.000943396226415,3.9834447628143903,3.7688588007736943,4.389710412815774,4.251965923984272,4.554520358868185,4.433955970647098,3.3367857142857145,3.6737664181753638,3.382498235709245,3.7211574596016534,4.422419252691577,3.654916512059369,4.3412017167381975,4.6041794714197914,4.31019594818997,3.97976501305483,4.670603255665497,4.566210045662101,4.8201962646407095,4.8873331162487785,5.1532679738562095,4.696235679214403,4.776632302405498,5.168333333333333,5.122918054630246,5.328831870357866,3.8349846258968228,3.9848118743527787,4.097578097578098,4.199417758369724,5.152856246076585,4.278209396966334,4.898375184638109,5.1790625,5.09462915601023,5.010749288650016,5.4573073233130796,5.50531914893617,5.51993410214168,5160.243
45,4.089308176100629,4.069723018147087,3.8355899419729207,4.4621072088724585,4.345019659239843,4.63871635610766,4.4849899933288855,3.3842857142857143,3.731629392971246,3.4336626676076216,3.7914317925591883,4.497466751108297,3.7250463821892392,4.403126916002453,4.6896127842655195,4.396545998007307,4.0531984334203655,4.765719757421002,4.658186562296152,4.928774928774929,4.985672419407359,5.273202614379085,4.795090016366612,4.8728522336769755,5.283333333333333,5.238840772818121,5.438217420661715,3.910488554834301,4.084225060407318,4.195156195156195,4.287845705967976,5.245762711864407,4.369589345172031,4.990251107828656,5.291875,5.224424552429667,5.122668352829592,5.574992005116726,5.622672872340425,5.633937397034597,5280.248
46,4.158805031446541,4.132760267430754,3.9113475177304964,4.569008009858287,4.441022280471822,4.754313319530711,4.5920613742495,3.460714285714286,3.8267660631877884,3.5105857445306987,3.870725291243893,4.5880303989867,3.7896103896103894,4.504904966278357,4.781499692685925,4.498837595483228,4.126958224543081,4.851579955314395,4.769406392694064,5.008230452674897,5.1022468251383915,5.399019607843138,4.886088379705401,4.990940331146517,5.402333333333333,5.358094603597602,5.567521944632006,3.990775538093611,4.1487745944080086,4.298701298701299,4.3981077147016014,5.36346516007533,4.473177950425454,5.103397341211226,5.4153125,5.337915601023018,5.238697439140057,5.69971218420211,5.750664893617022,5.771004942339374,5400.254
47,4.229874213836478,4.212352753900032,3.983236621534494,4.649414664202095,4.504914809960682,4.848516218081436,4.699466310873916,3.510357142857143,3.8714944976925807,3.5705716302046575,3.9413754227733935,4.668777707409753,3.8764378478664194,4.585836909871245,4.887215734480639,4.585851876453006,4.206592689295039,4.943504628151931,4.853555120678409,5.106679328901551,5.188537935525887,5.510457516339869,4.983306055646481,5.092471102780381,5.525333333333333,5.469020652898068,5.698852126941256,4.053980184489238,4.237141870900932,4.377676377676377,4.475982532751091,5.4846202134337725,4.577506474287828,5.214475627769572,5.51625,5.443734015345268,5.3474549478343345,5.815478094019827,5.880984042553192,5.890939044481055,5520.261
48,4.29748427672956,4.2979942693409745,4.035138620245003,4.726124460874923,4.602228047182176,4.927536231884058,4.781521014009339,3.5625,3.9428470003549876,3.625970359915314,4.007515971439308,4.7514249525015835,3.9521335807050093,4.679950950337217,4.975414874001229,4.679508468947193,4.2653394255874675,5.050111714012129,4.949445531637313,5.221589110477999,5.306740475415174,5.636274509803922,5.087397708674304,5.1918150577944395,5.631666666666667,5.581279147235176,5.801147873058744,4.140758455756748,4.308940283051433,4.461565461565462,4.557132459970888,5.586942875078468,4.666666666666667,5.322895125553915,5.6253125,5.573529411764706,5.46127094530509,5.939878477774225,6.011968085106383,6.03163097199341,5640.284
49,4.381132075471698,4.363896848137536,4.107672469374597,4.810536044362292,4.672673656618611,5.017943409247757,4.832555036691128,3.6239285714285714,4.006389776357827,3.691954834156669,4.061255167230365,4.852121595946802,4.011873840445269,4.741876149601471,5.068223724646589,4.7529060112919295,4.349869451697128,5.136610277689116,5.0479452054794525,5.335232668566002,5.409964181048519,5.7630718954248366,5.1819967266775775,5.28272414870353,5.729333333333333,5.7141905396402395,5.928426738690074,4.214212504270584,4.386952019330342,4.530712530712531,4.657933042212518,5.68361581920904,4.75212726600074,5.458788774002954,5.7553125,5.695012787723785,5.577300031615555,6.0645986568596095,6.129321808510638,6.156836902800659,5760.29
50,4.436163522012579,4.435848455905763,4.16247582205029,4.875847196549599,4.759829619921363,5.107315389924086,4.9282855236824545,3.6760714285714284,4.062477813276535,3.742413549752999,4.137166478767381,4.914502849905003,4.068274582560297,4.83752299202943,5.156422864167179,4.8445699103287945,4.407963446475196,5.217682732205554,5.114807566862361,5.403925292814182,5.506675350048844,5.8581699346405225,5.274631751227496,5.368634801624492,5.844666666666667,5.808794137241839,6.0418636056718436,4.274000683293474,4.452882292026234,4.614952614952615,4.7427219796215425,5.789704959196484,4.843507214206437,5.537370753323486,5.85375,5.800191815856778,5.664875118558331,6.1579788935081545,6.22905585106383,6.255683690280066,5880.296
51,4.508176100628931,4.501751034702324,4.226627981947131,4.970733210104744,4.832896461336828,5.190131124913734,5.028685790527018,3.73,4.131345402910898,3.797106563161609,4.208944006012777,4.993033565547815,4.136549165120594,4.8994481912936845,5.233866011063307,4.904018598472268,4.466057441253263,5.3003511011809765,5.199608610567514,5.496359607470718,5.598502116574406,5.968627450980392,5.389198036006547,5.475476413620743,5.969,5.949367088607595,6.153612424037813,4.365903655620089,4.556437694166379,4.707265707265707,4.829330422125182,5.890144381669805,4.912689604143544,5.651698670605613,5.963125,5.895460358056266,5.779639582674676,6.269907259354014,6.339760638297872,6.386490939044481,6000.301
52,4.572012578616352,4.583890480738618,4.2891682785299805,5.053912507701787,4.924311926605505,5.282263630089717,5.117745163442295,3.790714285714286,4.204472843450479,3.8729710656316163,4.276587748966554,5.069981000633312,4.203710575139146,4.975475168608216,5.329748002458513,4.992693457323148,4.546344647519582,5.371528886051707,5.278864970645793,5.5976574865463755,5.71214588082058,6.06078431372549,5.465139116202946,5.591690096844736,6.067333333333333,6.050966022651566,6.2805536799459825,4.410317731465664,4.624093890231274,4.804843804843805,4.932314410480349,5.989956057752668,5.016278209396966,5.752141802067947,6.0634375,6.002877237851663,5.8719570028454,6.389830508474576,6.451130319148936,6.490609555189456,6120.308
53,4.645597484276729,4.653931868831583,4.338813668600903,5.134935304990758,4.993446920052425,5.350586611456177,5.200800533689126,3.8282142857142856,4.247781327653533,3.915666901905434,4.344231491920331,5.123812539582014,4.257142857142857,5.044757817290006,5.416103257529195,5.06941215543009,4.606723237597911,5.448771145866582,5.361382909328115,5.683444127888572,5.796808857049821,6.18562091503268,5.540098199672668,5.649796938456732,6.187,6.1492338441039305,6.3987170830519915,4.489579774513153,4.698998964445979,4.8718848718848715,4.993449781659389,6.084745762711864,5.12393636699963,5.851403249630724,6.1734375,6.111572890025576,5.962377489724945,6.472657499200512,6.5611702127659575,6.59011532125206,6240.322
54,4.711320754716981,4.7338427252467365,4.4107027724049,5.20486752926679,5.049803407601573,5.443064182194617,5.288525683789193,3.8867857142857143,4.311324103656372,3.9738884968242765,4.409620443442315,5.226725775807473,4.326530612244898,5.1220110361741265,5.489858635525507,5.163068747924278,4.668407310704961,5.544206830513884,5.4380300065231575,5.777144666033555,5.902963204168024,6.2937908496732025,5.63633387888707,5.731333958138082,6.278666666666667,6.262824783477681,6.515867656988521,4.551076187222412,4.761132205730066,4.948753948753949,5.088791848617176,6.2052730696798495,5.211246762856086,5.950664697193501,6.2840625,6.206202046035806,6.072083465064812,6.601215222257755,6.675531914893617,6.698187808896211,6360.326
55,4.791509433962264,4.7968799745304045,4.460025789813024,5.282501540357363,5.148099606815203,5.532781228433402,5.33822548365577,3.9357142857142855,4.381966631167909,4.032815808045166,4.474633596392334,5.303039898670044,4.398515769944342,5.213366033108523,5.600491702519975,5.237794752573896,4.734334203655353,5.623045004787743,5.537834311806915,5.877492877492878,5.997069358515142,6.418954248366013,5.719476268412438,5.834739144017495,6.383,6.336775483011325,6.6336934503713705,4.65357020840451,4.839834311356576,5.037908037908038,5.158660844250364,6.315756434400503,5.284498705142434,6.050516986706056,6.40125,6.339514066496164,6.188428706923807,6.720179085385354,6.782912234042553,6.822405271828665,6480.334
56,4.836477987421383,4.861509073543457,4.534493874919407,5.349353049907578,5.217234600262123,5.605590062111801,5.429286190793863,3.987857142857143,4.443024494142705,4.085391672547636,4.544907929349868,5.374287523749208,4.476808905380334,5.2777437155119555,5.674554394591272,5.308867485885088,4.798629242819843,5.7009256303862115,5.600456621004566,5.962013295346629,6.0937805275154675,6.51078431372549,5.802291325695581,5.907841299593877,6.488333333333333,6.469353764157228,6.74206617150574,4.711991800478305,4.917846047635485,5.117234117234117,5.258733624454148,6.404582548650345,5.371069182389937,6.10546528803545,6.49875,6.42806905370844,6.291495415744547,6.807163415414135,6.907247340425532,6.933443163097199,6600.347
57,4.903459119496856,4.925501432664756,4.587040618955513,5.438385705483673,5.285058977719528,5.671152518978606,5.522014676450968,4.033214285714286,4.500177493787717,4.143260409315455,4.5937617437053735,5.458834705509816,4.520964749536178,5.352851011649295,5.742778119237861,5.37363002324809,4.8596605744125325,5.772741781040536,5.688845401174168,6.005064893953783,6.183327906219472,6.601960784313725,5.88772504091653,6.006872852233677,6.588,6.570619586942039,6.839972991222147,4.756405876323881,5.0003451846738,5.196560196560196,5.331149927219796,6.505335844318895,5.45874953755087,6.20354505169867,6.58625,6.518222506393862,6.379386658235852,6.904381196034538,6.992686170212766,7.048105436573311,6720.352
58,4.962578616352201,4.98790194205667,4.6321727917472595,5.495686999383857,5.36173001310616,5.745341614906832,5.592728485657105,4.062857142857143,4.539581114660987,4.187367678193366,4.649004133784292,5.49461684610513,4.577365491651206,5.431330472103005,5.81960663798402,5.437728329458651,4.930156657963447,5.846473029045643,5.768754076973255,6.111427666983222,6.285900358189515,6.705555555555556,5.984615384615385,6.086535457669478,6.694,6.677215189873418,6.934503713706955,4.827126750939528,5.061788056610286,5.268866268866269,5.413755458515284,6.588198367859385,5.518682944876064,6.3314623338257014,6.684375,6.625639386189258,6.457160923174202,7.0316597377678285,7.122340425531915,7.149588138385503,6840.357
59,5.033333333333333,5.06049028971665,4.676660219213411,5.546210720887246,5.424311926605505,5.800552104899931,5.673448965977318,4.119285714285715,4.603833865814696,4.238532110091743,4.689214580984593,5.56111462951235,4.621150278293135,5.4957081545064375,5.892440073755378,5.512122218532049,4.981396866840731,5.929141398021066,5.826157860404436,6.177587844254511,6.360468902637577,6.790849673202614,6.055646481178396,6.156825991877538,6.7636666666666665,6.749167221852098,7.036799459824443,4.888623163648787,5.101139109423541,5.340821340821341,5.4723435225618635,6.699623352165725,5.593784683684794,6.416543574593796,6.795,6.717071611253197,6.547581410053747,7.128877518388231,7.2087765957446805,7.230971993410214,6960.36
60,5.072327044025157,5.117796879974531,4.72856221792392,5.621072088724584,5.464613368283093,5.884057971014493,5.717811874583055,4.145,4.6524671636492725,4.268877911079746,4.758737316798197,5.608296390120329,4.685714285714286,5.54996934396076,5.942532267977874,5.572235137827964,5.028720626631854,5.979253112033195,5.892041748206132,6.232035454257677,6.456528817974601,6.891176470588236,6.109328968903437,6.245860668541081,6.843,6.846435709526982,7.144496961512491,4.944994875298941,5.172247152226441,5.395577395577396,5.564410480349345,6.77338355304457,5.6799852016278205,6.490103397341211,6.8790625,6.799872122762149,6.644957319000948,7.220019187719859,7.297539893617022,7.337726523887974,7080.364
61,5.120754716981132,5.165870741801974,4.780141843971631,5.694393099199014,5.517693315858454,5.95479641131815,5.793195463642428,4.199285714285714,4.708200212992545,4.312985179957657,4.8181134911687336,5.675110829639012,4.7339517625231915,5.597179644389945,6.002458512599877,5.631019594818997,5.076370757180157,6.051707628471114,5.954011741682975,6.2874327318771766,6.532074242917616,6.968954248366013,6.2042553191489365,6.32114964073727,6.954,6.95236508994004,7.237002025658339,5.007174581482746,5.237487055574732,5.474903474903475,5.626637554585153,6.85247959824231,5.763596004439512,6.56957163958641,6.985625,6.881393861892583,6.736642428074613,7.306044131755677,7.372672872340425,7.439868204283361,7200.369
62,5.173899371069182,5.217128303088188,4.8317214700193425,5.746149106592729,5.590104849279161,6.037612146307798,5.871581054036024,4.245357142857143,4.763933262335819,4.379675370501059,4.856444945509207,5.730208993033566,4.791836734693877,5.671060698957695,6.086355255070682,5.7103952175357025,5.137075718015666,6.1212894988828594,6.0375081539465105,6.374485596707819,6.611201563008792,7.0588235294117645,6.276923076923077,6.381130896594814,7.049333333333333,7.040639573617589,7.328831870357866,5.085753331055688,5.311701760441836,5.553176553176553,5.700509461426492,6.942875078468298,5.854605993340733,6.6581979320531754,7.06875,6.993925831202046,6.812835915270313,7.405500479692996,7.477393617021277,7.5542009884678745,7320.375
63,5.231132075471698,5.290353390639924,4.873629916183107,5.838878619839803,5.66218872870249,6.1021394064872325,5.954302868579052,4.2942857142857145,4.803336883209088,4.44636556104446,4.927846674182638,5.796706776440785,4.868645640074211,5.728694052728388,6.118315918869084,5.749916971105945,5.196475195822455,6.185764443025854,6.094585779517287,6.42798353909465,6.71247150765223,7.161111111111111,6.366612111292962,6.472664792252421,7.202333333333334,7.152564956695536,7.441593517893315,5.12230953194397,5.375215740421125,5.632502632502632,5.774745269286754,7.023540489642184,5.90677025527192,6.725849335302806,7.1559375,7.043158567774936,6.89756560227632,7.477134633834346,7.56781914893617,7.627677100494234,7440.38
64,5.286477987421383,5.3572110792741165,4.950999355254674,5.903573629081947,5.731979030144168,6.181504485852312,6.041360907271514,4.349285714285714,4.861909833155839,4.482709950599859,4.975197294250282,5.866054464851172,4.919480519480519,5.79889638258737,6.20620774431469,5.807372965792096,5.259464751958225,6.253431216086818,6.161121983039791,6.511554289332067,6.795180722891566,7.2444444444444445,6.457937806873977,6.553577007185255,7.206,7.246169220519653,7.536799459824443,5.208062862999658,5.463583016914049,5.692172692172692,5.855531295487627,7.133709981167608,6.003329633740289,6.789955686853767,7.2628125,7.146099744245524,6.994941511223522,7.5948193156379915,7.672872340425532,7.739703459637561,7560.384
65,5.350314465408805,5.420885068449539,4.999355254674404,5.963647566235367,5.790956749672346,6.2522429261559695,6.103068712474983,4.39,4.9250976215832445,4.535638673253352,5.024802705749718,5.941735275490817,4.9814471243042675,5.871244635193133,6.292870313460356,5.886416472932581,5.295691906005222,6.341525694222789,6.229615133724723,6.588160810383033,6.88407684793227,7.337581699346405,6.537806873977087,6.636988441112153,7.326333333333333,7.330113257828114,7.641458474004051,5.261018107277075,5.515015533310321,5.75008775008775,5.940684133915575,7.208097928436912,6.079171291157973,6.914032496307238,7.339375,7.236253196930947,7.07650964274423,7.7019507515190275,7.774601063829787,7.835914332784185,7680.392
66,5.417924528301887,5.480101878382681,5.036750483558994,6.020948860135552,5.832896461336828,6.302967563837129,6.156437625083389,4.4089285714285715,4.964501242456514,4.579040225829217,5.080045095828636,6.00316656111463,5.0319109461966605,5.935622317596566,6.345728334357713,5.971438060445035,5.378263707571802,6.391318225343122,6.321917808219178,6.651155428933206,6.951807228915663,7.425163398692811,6.592798690671031,6.706654170571697,7.389333333333333,7.432045303131246,7.731937879810938,5.307823710283567,5.5712806351398,5.823095823095823,6.0061863173216885,7.303829252981795,6.128745837957824,6.987887740029542,7.3971875,7.327365728900256,7.174517862788492,7.765909817716661,7.860039893617022,7.974299835255354,7800.399
67,5.472641509433962,5.539000318369946,5.084139264990329,6.06007393715342,5.898099606815203,6.376466528640441,6.218812541694463,4.4525,4.993255236066737,4.612561750176429,5.133784291619691,6.058898036732109,5.059369202226345,6.0036787247087675,6.409035033804548,6.03155097974095,5.419386422976501,6.441749122247048,6.386823222439661,6.721747388414055,7.043959622272875,7.541503267973856,6.672340425531915,6.785691971258982,7.462,7.543304463690872,7.8089128966914245,5.37341988384011,5.629616845012081,5.8911898911898914,6.056404657933042,7.39579409918393,6.215686274509804,7.05642540620384,7.486875,7.431265984654732,7.25640214985773,7.880716341541413,7.949468085106383,8.049752883031301,7920.402
68,5.511006289308176,5.60904170646291,5.110251450676983,6.133703019100431,5.955439056356488,6.451690821256038,6.2818545697131425,4.464642857142858,5.048988285410011,4.65878616796048,5.193536264562194,6.095946801773274,5.121706864564008,6.052421827099939,6.4775660725261215,6.100631019594819,5.468668407310705,6.4982444940951165,6.436725375081539,6.810383032605255,7.138717030283296,7.629084967320262,6.723404255319149,6.829740706029366,7.565333333333333,7.6072618254497,7.908845374746793,5.4239836009566105,5.690369347600966,5.94945594945595,6.129912663755459,7.467984934086629,6.299297077321494,7.150664697193501,7.57625,7.505434782608695,7.294656971229845,7.968660057563159,8.05252659574468,8.139373970345964,8040.407
69,5.564779874213836,5.644699140401146,5.180206318504191,6.189155884165126,6.024246395806029,6.515527950310559,6.352901934623082,4.53,5.100461483848066,4.697953422724065,5.231116121758737,6.160544648511716,5.175881261595547,6.107602697731453,6.534726490473264,6.138492195283959,5.5127284595300265,6.55952760932014,6.501630789302022,6.851218740107629,7.1934223380006515,7.701960784313726,6.794762684124386,6.9425179631365195,7.6466666666666665,7.696868754163891,7.99966239027684,5.481380252818585,5.759751467034864,6.015444015444015,6.221615720524017,7.566541117388575,6.3777284498705145,7.204726735598228,7.675625,7.561700767263427,7.3800189693329115,8.049248480972178,8.13497340425532,8.219110378912685,8160.417
70,5.6169811320754715,5.687042343202801,5.219213410702772,6.2255083179297594,6.06389252948886,6.576259489302967,6.414609739826551,4.5617857142857146,5.132410365637202,4.748059280169372,5.284479518977828,6.214692843571881,5.208534322820037,6.157265481299816,6.583282114320836,6.230488209897044,5.56331592689295,6.633258857325248,6.563926940639269,6.897119341563786,7.281015955714751,7.766013071895425,6.876268412438625,6.9990627928772255,7.710666666666667,7.794137241838774,8.100945307224848,5.531602323197814,5.82119433897135,6.075816075816076,6.265647743813683,7.64375392341494,6.414724380318165,7.289512555391433,7.7484375,7.650895140664962,7.46285172304774,8.128877518388231,8.211436170212766,8.32685337726524,8280.421
71,5.662893081761006,5.732250875517352,5.23758865248227,6.308071472581639,6.124508519003932,6.611456176673568,6.469979986657772,4.593928571428571,5.185658501952432,4.784403669724771,5.311161217587373,6.271057631412286,5.2556586270871986,6.220723482526058,6.640135218192993,6.2806376619063435,5.6047650130548305,6.6830513884455796,6.617416829745597,6.964862298195632,7.362422663627483,7.8313725490196076,6.931587561374795,7.079662605435801,7.786666666666667,7.861758827448368,8.171505739365294,5.567133583874274,5.861926130479807,6.137241137241137,6.326783114992722,7.710608913998745,6.482796892341843,7.3506646971935,7.788125,7.710677749360614,7.534302877015492,8.215222257755038,8.305851063829786,8.416144975288303,8400.424
72,5.711320754716981,5.809296402419611,5.299806576402321,6.369377695625385,6.185779816513762,6.709454796411318,6.536024016010674,4.65,5.236776712815051,4.845095271700776,5.3776775648252535,6.323939202026599,5.332096474953618,6.286940527283875,6.709280885064536,6.344403852540684,5.660248041775457,6.743376954995212,6.696020874103066,7.0921177587844255,7.430804298274178,7.938562091503268,7.015384615384615,7.1315213995626365,7.889333333333333,7.9660226515656225,8.307224848075625,5.638196105227195,5.936831204694512,6.207792207792208,6.421397379912664,7.789704959196484,6.5697373288938214,7.417429837518464,7.913125,7.819373401534527,7.600379386658235,8.305084745762711,8.394946808510639,8.497199341021417,8520.428
73,5.74559748427673,5.834447628143903,5.342359767891683,6.423290203327172,6.244102228047182,6.738095238095238,6.586057371581054,4.672142857142857,5.303159389421371,4.868736767819336,5.411499436302142,6.363204559848005,5.374768089053803,6.31361128142244,6.739090350338046,6.368648289604782,5.694190600522194,6.79253112033195,6.715916503587737,7.065843621399177,7.489417127971345,7.984967320261438,7.071358428805238,7.208372383630116,7.961333333333333,8.031645569620252,8.335584064821067,5.678168773488213,5.972385226095962,6.261846261846262,6.458151382823872,7.848085373509102,6.620421753607103,7.493353028064993,7.945,7.873401534526854,7.686057540309832,8.38055644387592,8.46941489361702,8.546952224052719,8640.43
74,5.816037735849057,5.917223814071952,5.382333978078659,6.435304990757856,6.269659239842726,6.792270531400966,6.6584389593062046,4.687857142857143,5.33013844515442,4.915314043754411,5.472003006388576,6.429385687143762,5.407421150278293,6.371244635193133,6.824523663183774,6.458319495184324,5.739556135770235,6.85955952760932,6.776908023483366,7.1424501424501425,7.57212634321068,8.09967320261438,7.148281505728314,7.244611059044049,8.049,8.096269153897401,8.462525320729236,5.73009907755381,6.0293406972730414,6.322920322920323,6.520742358078603,7.96045197740113,6.724380318165002,7.559231905465288,8.0525,7.976662404092072,7.755927916534935,8.471698113207546,8.548204787234043,8.647446457990116,8760.433
75,5.839622641509434,5.950652658389048,5.411992263056093,6.493222427603204,6.329292267365662,6.848171152518979,6.71714476317545,4.7275,5.374511892083777,4.943542695836274,5.5140924464487036,6.457568081063965,5.4500927643784784,6.385959534028204,6.85740626920713,6.490534706077715,5.79046997389034,6.8917969996808175,6.839204174820614,7.176005064893954,7.648648648648648,8.168954248366013,7.254337152209493,7.312089971883786,8.099333333333334,8.16055962691539,8.50573936529372,5.771438332763922,6.082153952364515,6.387855387855388,6.584425036390102,8.01035781544256,6.746577876433593,7.619202363367799,8.1028125,8.040920716112533,7.829908314890926,8.519347617524785,8.60438829787234,8.73509060955519,8880.436
76,5.885534591194968,5.991404011461318,5.472920696324952,6.579790511398644,6.406618610747051,6.936853002070394,6.759839893262175,4.768571428571429,5.441604543840966,5.002470007057163,5.5644494550920705,6.517732742241925,5.499443413729128,6.461986511342735,6.923171481253841,6.54400531384922,5.837140992167102,6.957548675390999,6.883561643835616,7.267173156062045,7.718332790621948,8.261437908496733,7.330932896890344,7.404248672289909,8.212,8.252498334443704,8.61816340310601,5.831909805261359,6.14981014842941,6.474201474201474,6.658660844250364,8.091650973006905,6.821679615242323,7.677695716395864,8.1821875,8.13650895140665,7.895984824533671,8.59673808762392,8.693816489361701,8.811861614497529,9000.438
77,5.950314465408805,6.06176376950016,5.5048355899419725,6.617375231053605,6.443971166448231,6.973775017253278,6.826217478318879,4.8082142857142856,5.473908413205538,5.03105151729005,5.597143930853063,6.574730842305256,5.536178107606679,6.510116492949111,6.981868469575907,6.590501494520093,5.883812010443864,6.992020427705075,6.934768427919113,7.32605254827477,7.79290133507001,8.30751633986928,7.309001636661211,7.451421430802874,8.289,8.314123917388407,8.713369345037137,5.888964810386061,6.188816016568865,6.521586521586522,6.710334788937409,8.16195856873823,6.883092859785424,7.768685376661743,8.2709375,8.179987212276215,8.019601644008853,8.692676686920372,8.79122340425532,8.883360790774299,9120.442
78,5.977358490566037,6.098694683221904,5.533204384268214,6.6654343807763405,6.503276539973788,7.019323671497585,6.888925950633756,4.825714285714286,5.512247071352503,5.0712773465067045,5.652010522360015,6.629195693476884,5.595176252319109,6.623543838136113,7.032882606023356,6.643972102291597,5.933093994778068,7.060006383657836,6.987279843444227,7.3630895853118075,7.879843699120808,8.408169934640522,7.3761047463175125,7.534208059981256,8.356666666666667,8.390073284477015,8.787643484132342,6.012982576016399,6.2644114601311705,6.594243594243594,6.794032023289665,8.225988700564972,6.944506104328524,7.802954209748892,8.345,8.25383631713555,8.10180208662662,8.763031659737768,8.883976063829786,8.95815485996705,9240.444
79,6.021069182389937,6.142629735752945,5.588974854932302,6.709180529882933,6.543250327653998,7.087991718426501,6.929619746497665,4.873571428571428,5.550230741924032,5.1185603387438245,5.682074408117249,6.666561114629513,5.6337662337662335,6.606683016554261,7.082360172095882,6.691464629691133,5.965078328981723,7.1101180976699645,7.039465101108937,7.426400759734093,7.9407359166395315,8.454248366013072,7.405237315875614,7.580756013745704,8.422666666666666,8.478014656895404,8.844361917623228,5.951144516569867,6.3058336209872285,6.623025623025623,6.842066957787482,8.312617702448211,7.00739918608953,7.903397341211226,8.4084375,8.316496163682864,8.143850774581093,8.848736808442597,8.93783244680851,9.02833607907743,9360.448
80,6.073270440251572,6.195479146768545,5.598323662153449,6.7680221811460255,6.581258191349934,7.124913733609386,7.010673782521681,4.884285714285714,5.59602413915513,5.136556104446012,5.733558812476512,6.7105763141228625,5.689424860853432,6.641937461679951,7.141979102642901,6.757555629359017,6.0153394255874675,7.158953080114906,7.0479452054794525,7.500791389680279,8.005535656138067,8.543790849673202,7.487397708674305,7.632927210246798,8.482,8.586608927381745,8.924375422012155,6.002391527160915,6.348291335864688,6.683748683748684,6.914847161572053,8.372881355932204,7.066222715501294,7.9698670605613,8.4753125,8.395780051150895,8.247549794498893,8.920051167252959,9.012300531914894,9.109060955518945,9480.451
81,6.109119496855346,6.17510347023241,5.661508704061895,6.818853974121996,6.64089121887287,7.21256038647343,7.042361574382922,4.931785714285715,5.614483493077742,5.176076217360621,5.782412626832018,6.765357821405953,5.71873840445269,6.689147762109135,7.172095881991395,6.776486217203587,6.063968668407311,7.205553782317268,7.117742987606001,7.53434631212409,8.076196678606317,8.590849673202614,7.553518821603928,7.706029365823181,8.548666666666668,8.67255163224517,8.9848075624578,6.047147249743765,6.404211253020366,6.744120744120744,6.983260553129549,8.443816698053986,7.16204217536071,8.01861152141802,8.534375,8.452365728900256,8.275055327220993,8.96674128557723,9.08277925531915,9.182866556836903,9600.455
82,6.160062893081761,6.237822349570201,5.693423597678917,6.8468884781269255,6.672346002621232,7.2522429261559695,7.070046697798532,4.953214285714286,5.650692225772098,5.226887791107974,5.811724915445321,6.8093730208993035,5.770315398886828,6.740343347639485,7.2692071296865395,6.858186648953836,6.094647519582246,7.260453239706352,7.177756033920417,7.595125039569484,8.14392705958971,8.670915032679739,7.593780687397708,7.764448609809435,8.656,8.655896069287142,9.079000675219447,6.100785787495729,6.455988954090438,6.7999297999298,7.000727802037845,8.512868801004394,7.188679245283019,8.083604135893648,8.6421875,8.535805626598465,8.376541258299083,9.07163415414135,9.17253989361702,9.292586490939044,9720.457
83,6.203459119496856,6.275390003183699,5.720502901353965,6.897720271102896,6.74475753604194,7.2939958592132506,7.177451634422948,4.983214285714285,5.700390486332978,5.257233592095978,5.862081924088688,6.841355288157062,5.798515769944341,6.757204169221336,7.274124154886294,6.901693789438725,6.139033942558747,7.3032237472071495,7.210697977821265,7.630579297245964,8.211331813741452,8.735294117647058,7.664157119476268,7.825679475164011,8.711666666666666,8.694536975349767,9.179945982444295,6.1229928254185175,6.50707628581291,6.855738855738855,7.066593886462882,8.572504708097929,7.278949315575287,8.149187592319056,8.6915625,8.584079283887467,8.41068605754031,9.127918132395267,9.220744680851064,9.307413509060956,9840.444
84,6.242452830188679,6.316778096147724,5.756931012250162,6.955329636475662,6.784731323722149,7.345755693581781,7.201801200800534,5.016785714285715,5.730209442669507,5.279816513761468,5.901164975573093,6.891386953768207,5.841929499072356,6.832311465358676,7.318992009834051,6.950514779143142,6.1615535248041775,7.356846473029045,7.286692759295499,7.694840139284584,8.272224031260176,8.809803921568628,7.7014729950900165,7.871290221805686,8.785333333333334,8.77415056628914,9.23767724510466,6.17082336863683,6.552295478080773,6.901017901017901,7.120087336244541,8.65128688010044,7.31890492045875,8.202658788774002,8.7659375,8.646099744245523,8.490357255769839,9.198273105212664,9.29122340425532,9.39341021416804,9960.448
85,6.272955974842767,6.356574339382362,5.77852998065764,6.987060998151571,6.816186107470511,7.359903381642512,7.247498332221481,5.029285714285714,5.75825346112886,5.307339449541284,5.923712889891019,6.933818872704244,5.869387755102041,6.855610055180871,7.366933005531654,6.994021919628031,6.217036553524804,7.406958187041175,7.304957599478147,7.759100981323203,8.397590361445783,8.882679738562091,7.743698854337152,7.929397063417682,8.851333333333333,8.853764157228515,9.288993923024982,6.221728732490605,6.5988954090438385,6.958932958932959,7.184861717612809,8.7263025737602,7.362560118386978,8.263220088626293,8.8184375,8.72346547314578,8.556117609864053,9.19891269587464,9.36968085106383,9.431301482701812,10080.452
86,6.314465408805032,6.410378860235594,5.839458413926499,7.041897720271103,6.864023591087811,7.437888198757764,7.293862575050033,5.0725,5.79765708200213,5.360621030345801,5.981210071401729,7.003483217226092,5.925417439703154,6.908951563458001,7.420712968653964,7.036200597808037,6.2558746736292425,7.456112352377913,7.361056751467711,7.807534029756252,8.439270595897101,8.937908496732026,7.828805237315875,8.016244923461418,8.924666666666667,8.920386409060626,9.383524645509791,6.2866416125726,6.654124956851915,7.015444015444015,7.2427219796215425,8.800690521029503,7.437291897891232,8.306351550960118,8.909375,8.79507672634271,8.611760986405312,9.288455388551327,9.44281914893617,9.540691927512356,10200.455
87,6.359748427672956,6.450811843361986,5.856544165054803,7.084719654959951,6.890235910878113,7.484817115251898,7.3178785857238156,5.095357142857143,5.827831025914093,5.385673959068455,6.007515971439308,7.029132362254591,5.962894248608534,6.951563458001226,7.471112476951444,7.060445034872136,6.2842689295039165,7.4905841046919885,7.406718851924332,7.859765748654637,8.5089547378704,8.980718954248365,7.950572831423895,8.03811308965948,8.949333333333334,8.981012658227849,9.426401080351114,6.30064912880082,6.692440455643769,7.05967005967006,7.286390101892286,8.87445072190835,7.475767665556789,8.401477104874447,8.964375,8.830882352941176,8.66708820739804,9.335785097537576,9.514627659574469,9.600329489291598,10320.464
88,6.387421383647799,6.492199936326011,5.888459058671825,7.1260012322858906,6.938401048492792,7.509316770186335,7.379586390927285,5.117142857142857,5.859424920127796,5.414608327452364,6.02217211574596,7.08581380620646,5.977736549165121,7.01931330472103,7.53779963122311,7.14546662238459,6.337793733681462,7.557612511969358,7.492172211350294,7.889838556505223,8.57570823835884,9.075490196078432,7.920458265139116,8.088722274289285,9.027666666666667,9.044636908727515,9.475692099932479,6.3430133242227535,6.739385571280635,7.1098631098631095,7.339155749636099,8.940677966101696,7.483166851646319,8.47149187592319,9.035625,8.90121483375959,8.74423016123933,9.420211064918453,9.61469414893617,9.661943986820429,10440.471
89,6.4418238993710695,6.5440942375039794,5.929400386847195,7.197781885397412,6.992136304062909,7.5893719806763285,7.48165443629086,5.162142857142857,5.912673056443024,5.459774170783345,6.091319052987599,7.1250791640278655,6.048979591836734,7.050582464745555,7.566687154271666,7.174028561939555,6.372389033942559,7.58187041174593,7.527071102413569,7.944919278252612,8.622272875284924,9.144117647058824,7.951882160392799,8.165260855982506,9.129333333333333,9.099933377748167,9.566509115462525,6.371370003416468,6.806696582671729,7.167076167076167,7.392649199417758,9.008474576271187,7.5767665556788755,8.51344165435746,9.1090625,8.981777493606138,8.785962693645274,9.497921330348577,9.668882978723405,9.779571663920922,10560.473
90,6.483962264150944,6.593123209169055,5.96615087040619,7.220579174368454,7.0520969855832245,7.640441683919945,7.472981987991995,5.187857142857143,5.944621938232162,5.50211714890614,6.139421270199173,7.1640278657378085,6.079035250463822,7.074800735744942,7.610325752919484,7.227499169711059,6.412859007832898,7.640600063836579,7.5655577299412915,8.006964229186451,8.703028329534353,9.240849673202614,8.00621931260229,8.22368009996876,9.176666666666666,9.193870752831446,9.652261985145172,6.451998633413051,6.8529513289609945,7.203931203931204,7.458151382823872,9.045825486503453,7.6437291897891235,8.594977843426884,9.1484375,9.055946291560103,8.858046158710085,9.553565717940518,9.726396276595745,9.769686985172982,10680.476
